set,nonosolve_solved,nonosolve_cpu_s,lalafrogkk_solved,lalafrogkk_cpu_s,lalafrogkk_hit_2h_limit
icga2016,1000,76.69,1000,714.63,no
icga2017,1000,93.60,946,7198.35,yes
icga2018,1000,104.08,1000,1527.27,no
icga2019,1000,83.03,1000,680.17,no
icga2020,1000,92.62,1000,2590.32,no
icga2021,1000,96.16,1000,1260.03,no
icga2022,1000,91.13,1000,1288.43,no
icga2023,1000,104.02,1000,4244.55,no
taai2011,1000,83.73,1000,463.39,no
taai2013,1000,87.91,1000,1546.35,no
taai2014,1000,63.98,1000,584.37,no
taai2015,1000,108.92,1000,1945.28,no
taai2016,1000,77.84,1000,786.47,no
taai2017,1000,76.85,1000,3338.74,no
taai2018,1000,72.38,1000,865.45,no
taai2019,1000,94.14,1000,799.16,no
taai2020,1000,90.74,1000,4104.50,no
taai2021,1000,91.23,1000,1130.78,no
taai2022,1000,78.50,1000,909.31,no
tcga2012,1000,106.83,1000,1130.90,no
tcga2013,1000,92.45,1000,610.20,no
tcga2014,1000,93.15,1000,1459.07,no
tcga2015,1000,70.42,1000,639.69,no
tcga2016,1000,88.05,970,7198.23,yes
tcga2017,1000,84.95,1000,3437.47,no
tcga2019,1000,91.76,1000,823.19,no
tcga2020,1000,77.86,1000,1025.78,no
tcga2021,1000,88.54,1000,1384.60,no
tcga2022,1000,80.21,1000,562.32,no
tcga2023,1000,79.30,1000,1264.91,no
