solver,puzzle,limit_s,cpu_s,wall_s,result,uniqueness
nonosolve,webpbn-00001,3600,0.009,0.010,solved,UNIQUE
pbnsolve,webpbn-00001,600,0.003,0.004,solved,
naughty,webpbn-00001,600,0.004,0.005,solved,
jsolver,webpbn-00001,600,0.002,0.003,solved,
grid,webpbn-00001,600,0.002,0.003,solved,
nonogrid_bt,webpbn-00001,600,0.002,0.003,solved,
nonogrid_sat,webpbn-00001,600,0.003,0.003,solved,
nonosolve,webpbn-00006,3600,0.010,0.010,solved,UNIQUE
pbnsolve,webpbn-00006,600,0.002,0.003,solved,
naughty,webpbn-00006,600,0.004,0.005,solved,
jsolver,webpbn-00006,600,0.002,0.003,solved,
grid,webpbn-00006,600,0.002,0.003,solved,
nonogrid_bt,webpbn-00006,600,0.003,0.004,solved,
nonogrid_sat,webpbn-00006,600,0.003,0.004,solved,
nonosolve,webpbn-00021,3600,0.010,0.011,solved,UNIQUE
pbnsolve,webpbn-00021,600,0.003,0.003,solved,
naughty,webpbn-00021,600,0.004,0.005,solved,
jsolver,webpbn-00021,600,0.002,0.003,solved,
grid,webpbn-00021,600,0.002,0.003,solved,
nonogrid_bt,webpbn-00021,600,0.004,0.004,solved,
nonogrid_sat,webpbn-00021,600,0.003,0.004,solved,
nonosolve,webpbn-00027,3600,0.009,0.010,solved,UNIQUE
pbnsolve,webpbn-00027,600,0.004,0.004,solved,
naughty,webpbn-00027,600,0.006,0.007,solved,
jsolver,webpbn-00027,600,0.003,0.004,solved,
grid,webpbn-00027,600,0.003,0.004,solved,
nonogrid_bt,webpbn-00027,600,0.004,0.005,solved,
nonogrid_sat,webpbn-00027,600,0.004,0.005,solved,
nonosolve,webpbn-00023,3600,0.009,0.010,solved,UNIQUE
pbnsolve,webpbn-00023,600,0.003,0.004,solved,
naughty,webpbn-00023,600,0.006,0.006,solved,
jsolver,webpbn-00023,600,0.003,0.004,solved,
grid,webpbn-00023,600,0.003,0.003,solved,
nonogrid_bt,webpbn-00023,600,0.004,0.005,solved,
nonogrid_sat,webpbn-00023,600,0.004,0.004,solved,
nonosolve,webpbn-02413,3600,0.008,0.009,solved,UNIQUE
pbnsolve,webpbn-02413,600,0.003,0.004,solved,
naughty,webpbn-02413,600,0.004,0.005,solved,
jsolver,webpbn-02413,600,0.003,0.004,solved,
grid,webpbn-02413,600,0.003,0.004,solved,
nonogrid_bt,webpbn-02413,600,0.007,0.007,solved,
nonogrid_sat,webpbn-02413,600,0.007,0.007,solved,
nonosolve,webpbn-00016,3600,0.029,0.030,solved,UNIQUE
pbnsolve,webpbn-00016,600,0.003,0.003,solved,
naughty,webpbn-00016,600,0.005,0.005,solved,
jsolver,webpbn-00016,600,0.003,0.004,solved,
grid,webpbn-00016,600,0.003,0.004,solved,
nonogrid_bt,webpbn-00016,600,0.006,0.006,solved,
nonogrid_sat,webpbn-00016,600,0.006,0.006,solved,
nonosolve,webpbn-00529,3600,0.027,0.029,solved,UNIQUE
pbnsolve,webpbn-00529,600,0.003,0.004,solved,
naughty,webpbn-00529,600,0.007,0.007,solved,
jsolver,webpbn-00529,600,0.004,0.005,solved,
grid,webpbn-00529,600,0.004,0.004,solved,
nonogrid_bt,webpbn-00529,600,0.008,0.009,solved,
nonogrid_sat,webpbn-00529,600,0.007,0.007,solved,
nonosolve,webpbn-00065,3600,0.029,0.030,solved,UNIQUE
pbnsolve,webpbn-00065,600,0.010,0.011,solved,
naughty,webpbn-00065,600,0.011,0.012,solved,
jsolver,webpbn-00065,600,0.009,0.011,solved,
grid,webpbn-00065,600,0.005,0.005,solved,
nonogrid_bt,webpbn-00065,600,0.015,0.016,solved,
nonogrid_sat,webpbn-00065,600,0.014,0.015,solved,
nonosolve,webpbn-07604,3600,0.029,0.029,solved,UNIQUE
pbnsolve,webpbn-07604,600,0.017,0.017,solved,
naughty,webpbn-07604,600,0.017,0.018,solved,
jsolver,webpbn-07604,600,0.047,0.047,solved,
grid,webpbn-07604,600,0.006,0.006,solved,
nonogrid_bt,webpbn-07604,600,0.013,0.013,solved,
nonogrid_sat,webpbn-07604,600,0.013,0.014,solved,
nonosolve,webpbn-01694,3600,0.029,0.030,solved,UNIQUE
pbnsolve,webpbn-01694,600,0.025,0.026,solved,
naughty,webpbn-01694,600,0.022,0.023,solved,
jsolver,webpbn-01694,600,0.012,0.013,solved,
grid,webpbn-01694,600,0.024,0.025,solved,
nonogrid_bt,webpbn-01694,600,0.031,0.031,solved,
nonogrid_sat,webpbn-01694,600,0.031,0.031,solved,
nonosolve,webpbn-01611,3600,0.028,0.029,solved,UNIQUE
pbnsolve,webpbn-01611,600,0.008,0.008,solved,
naughty,webpbn-01611,600,0.024,0.025,solved,
jsolver,webpbn-01611,600,0.007,0.007,solved,
grid,webpbn-01611,600,0.008,0.008,solved,
nonogrid_bt,webpbn-01611,600,0.018,0.019,solved,
nonogrid_sat,webpbn-01611,600,0.012,0.012,solved,
nonosolve,webpbn-00436,3600,0.030,0.031,solved,UNIQUE
pbnsolve,webpbn-00436,600,0.035,0.036,solved,
naughty,webpbn-00436,600,0.015,0.016,solved,
jsolver,webpbn-00436,600,0.024,0.025,solved,
grid,webpbn-00436,600,7.388,7.391,solved,
nonogrid_bt,webpbn-00436,600,0.021,0.022,solved,
nonogrid_sat,webpbn-00436,600,0.022,0.024,solved,
nonosolve,webpbn-04645,3600,0.052,0.053,solved,UNIQUE
pbnsolve,webpbn-04645,600,0.036,0.037,solved,
naughty,webpbn-04645,600,,,unsupported,
jsolver,webpbn-04645,600,0.023,0.024,solved,
grid,webpbn-04645,600,0.048,0.049,solved,
nonogrid_bt,webpbn-04645,600,0.039,0.040,solved,
nonogrid_sat,webpbn-04645,600,0.039,0.040,solved,
nonosolve,webpbn-03541,3600,0.030,0.031,solved,UNIQUE
pbnsolve,webpbn-03541,600,0.025,0.026,solved,
naughty,webpbn-03541,600,0.049,0.050,solved,
jsolver,webpbn-03541,600,0.032,0.033,solved,
grid,webpbn-03541,600,0.513,0.514,solved,
nonogrid_bt,webpbn-03541,600,0.057,0.057,solved,
nonogrid_sat,webpbn-03541,600,0.057,0.057,solved,
nonosolve,webpbn-00803,3600,0.035,0.036,solved,UNIQUE
pbnsolve,webpbn-00803,600,0.156,0.156,solved,
naughty,webpbn-00803,600,0.102,0.103,solved,
jsolver,webpbn-00803,600,0.099,0.100,solved,
grid,webpbn-00803,600,631.876,632.003,timeout,
nonogrid_bt,webpbn-00803,600,0.027,0.028,solved,
nonogrid_sat,webpbn-00803,600,0.028,0.028,solved,
nonosolve,webpbn-06574,3600,0.442,0.443,solved,UNIQUE
pbnsolve,webpbn-06574,600,1.537,1.538,solved,
naughty,webpbn-06574,600,0.203,0.204,solved,
jsolver,webpbn-06574,600,2.312,2.314,solved,
grid,webpbn-06574,600,0.803,0.804,solved,
nonogrid_bt,webpbn-06574,600,3.053,3.055,solved,
nonogrid_sat,webpbn-06574,600,0.026,0.027,solved,
nonosolve,webpbn-10810,3600,0.043,0.044,solved,MULTIPLE
pbnsolve,webpbn-10810,600,3.123,3.125,solved,
naughty,webpbn-10810,600,2.247,2.248,solved,
jsolver,webpbn-10810,600,0.021,0.022,solved,
grid,webpbn-10810,600,0.005,0.006,solved,
nonogrid_bt,webpbn-10810,600,0.130,0.131,solved,
nonogrid_sat,webpbn-10810,600,0.304,0.305,solved,
nonosolve,webpbn-02040,3600,0.031,0.032,solved,UNIQUE
pbnsolve,webpbn-02040,600,0.362,0.363,solved,
naughty,webpbn-02040,600,0.076,0.077,solved,
jsolver,webpbn-02040,600,0.031,0.032,solved,
grid,webpbn-02040,600,631.586,632.003,timeout,
nonogrid_bt,webpbn-02040,600,0.052,0.053,solved,
nonogrid_sat,webpbn-02040,600,0.052,0.053,solved,
nonosolve,webpbn-06739,3600,0.031,0.032,solved,MULTIPLE
pbnsolve,webpbn-06739,600,0.390,0.391,solved,
naughty,webpbn-06739,600,0.049,0.050,solved,
jsolver,webpbn-06739,600,0.018,0.019,solved,
grid,webpbn-06739,600,8.571,8.574,solved,
nonogrid_bt,webpbn-06739,600,0.032,0.033,solved,
nonogrid_sat,webpbn-06739,600,0.066,0.067,solved,
nonosolve,webpbn-08098,3600,1.158,1.159,solved,UNIQUE
pbnsolve,webpbn-08098,600,4.743,4.744,solved,
naughty,webpbn-08098,600,10.689,10.692,solved,
jsolver,webpbn-08098,600,9.900,9.903,solved,
grid,webpbn-08098,600,82.141,82.159,solved,
nonogrid_bt,webpbn-08098,600,10.789,10.795,solved,
nonogrid_sat,webpbn-08098,600,1.929,1.931,solved,
nonosolve,webpbn-02556,3600,0.049,0.049,solved,MULTIPLE
pbnsolve,webpbn-02556,600,0.185,0.185,solved,
naughty,webpbn-02556,600,,,unsupported,
jsolver,webpbn-02556,600,0.013,0.013,solved,
grid,webpbn-02556,600,0.535,0.535,solved,
nonogrid_bt,webpbn-02556,600,0.025,0.026,solved,
nonogrid_sat,webpbn-02556,600,0.065,0.066,solved,
nonosolve,webpbn-02712,3600,0.050,0.051,solved,MULTIPLE
pbnsolve,webpbn-02712,600,2.969,2.970,solved,
naughty,webpbn-02712,600,28.830,28.839,solved,
jsolver,webpbn-02712,600,4.007,4.009,solved,
grid,webpbn-02712,600,631.882,632.003,timeout,
nonogrid_bt,webpbn-02712,600,0.524,0.525,solved,
nonogrid_sat,webpbn-02712,600,3.662,3.665,solved,
nonosolve,webpbn-10088,3600,1.406,1.407,solved,MULTIPLE
pbnsolve,webpbn-10088,600,631.851,632.006,timeout,
naughty,webpbn-10088,600,28.024,28.032,solved,
jsolver,webpbn-10088,600,0.726,0.727,solved,
grid,webpbn-10088,600,631.890,632.003,timeout,
nonogrid_bt,webpbn-10088,600,0.289,0.290,solved,
nonogrid_sat,webpbn-10088,600,7.287,7.290,solved,
nonosolve,webpbn-18297,3600,2.744,2.747,solved,MULTIPLE
pbnsolve,webpbn-18297,600,178.916,178.960,solved,
naughty,webpbn-18297,600,284.910,284.980,solved,
jsolver,webpbn-18297,600,123.787,123.890,solved,
grid,webpbn-18297,600,631.588,632.003,timeout,
nonogrid_bt,webpbn-18297,600,276.187,276.275,solved,
nonogrid_sat,webpbn-18297,600,8.733,8.737,solved,
nonosolve,webpbn-09892,3600,1.631,1.632,solved,MULTIPLE
pbnsolve,webpbn-09892,600,631.853,632.006,timeout,
naughty,webpbn-09892,600,55.972,55.986,solved,
jsolver,webpbn-09892,600,1.966,1.969,solved,
grid,webpbn-09892,600,521.358,521.699,solved,
nonogrid_bt,webpbn-09892,600,71.901,71.927,solved,
nonogrid_sat,webpbn-09892,600,25.047,25.058,solved,
nonosolve,webpbn-12548,3600,5.479,5.482,solved,MULTIPLE
pbnsolve,webpbn-12548,600,631.866,632.006,timeout,
naughty,webpbn-12548,600,631.524,632.057,timeout,
jsolver,webpbn-12548,600,5.410,5.412,solved,
grid,webpbn-12548,600,631.880,632.003,timeout,
nonogrid_bt,webpbn-12548,600,599.858,600.064,timeout,
nonogrid_sat,webpbn-12548,600,122.681,122.729,solved,
nonosolve,webpbn-22336,3600,10.368,10.372,solved,MULTIPLE
pbnsolve,webpbn-22336,600,631.862,632.007,timeout,
naughty,webpbn-22336,600,,,unsupported,
jsolver,webpbn-22336,600,631.824,632.004,timeout,
grid,webpbn-22336,600,0.003,0.004,error,
nonogrid_bt,webpbn-22336,600,600.244,600.435,timeout,
nonogrid_sat,webpbn-22336,600,210.610,210.805,solved,
nonosolve,knotty,3600,452.784,452.949,solved,MULTIPLE
pbnsolve,knotty,600,631.840,632.007,timeout,
naughty,knotty,600,631.820,632.033,timeout,
jsolver,knotty,600,631.495,632.004,timeout,
grid,knotty,600,631.882,632.003,timeout,
nonogrid_bt,knotty,600,599.837,600.064,timeout,
nonogrid_sat,knotty,600,631.408,632.008,timeout,
nonosolve,meow,3600,371.527,371.651,solved,MULTIPLE
pbnsolve,meow,600,631.845,632.006,timeout,
naughty,meow,600,,,unsupported,
jsolver,meow,600,631.806,632.003,timeout,
grid,meow,600,631.855,632.003,timeout,
nonogrid_bt,meow,600,599.627,600.200,timeout,
nonogrid_sat,meow,600,631.783,632.010,timeout,
nonosolve,faase,3600,281.903,282.002,solved,MULTIPLE
pbnsolve,faase,600,631.547,632.011,timeout,
naughty,faase,600,,,unsupported,
jsolver,faase,600,631.843,632.007,timeout,
grid,faase,600,631.907,632.007,timeout,
nonogrid_bt,faase,600,600.328,600.489,timeout,
nonogrid_sat,faase,600,631.785,632.013,timeout,
nonosolve,webpbn-03867,3600,0.901,0.903,solved,MULTIPLE
pbnsolve,webpbn-03867,600,0.040,0.041,solved,
naughty,webpbn-03867,600,,,unsupported,
jsolver,webpbn-03867,600,631.866,632.003,timeout,
grid,webpbn-03867,600,0.002,0.003,error,
nonogrid_bt,webpbn-03867,600,96.019,96.048,solved,
nonogrid_sat,webpbn-03867,600,5.972,5.975,solved,
nonosolve,webpbn-13480,3600,0.081,0.082,solved,MULTIPLE
pbnsolve,webpbn-13480,600,123.934,123.962,solved,
naughty,webpbn-13480,600,75.194,75.217,solved,
jsolver,webpbn-13480,600,81.370,81.389,solved,
grid,webpbn-13480,600,631.590,632.003,timeout,
nonogrid_bt,webpbn-13480,600,599.908,600.077,timeout,
nonogrid_sat,webpbn-13480,600,6.253,6.256,solved,
nonosolve,webpbn-16900,3600,1.236,1.237,solved,MULTIPLE
pbnsolve,webpbn-16900,600,44.577,44.587,solved,
naughty,webpbn-16900,600,,,unsupported,
jsolver,webpbn-16900,600,0.942,0.943,solved,
grid,webpbn-16900,600,631.884,632.003,timeout,
nonogrid_bt,webpbn-16900,600,72.118,72.140,solved,
nonogrid_sat,webpbn-16900,600,9.379,9.383,solved,
nonosolve,webpbn-19080,3600,0.136,0.137,solved,MULTIPLE
pbnsolve,webpbn-19080,600,5.981,5.984,solved,
naughty,webpbn-19080,600,45.821,45.833,solved,
jsolver,webpbn-19080,600,0.068,0.069,solved,
grid,webpbn-19080,600,631.885,632.003,timeout,
nonogrid_bt,webpbn-19080,600,1.124,1.125,solved,
nonogrid_sat,webpbn-19080,600,283.334,283.417,solved,
nonosolve,webpbn-25385,3600,5.397,5.400,solved,MULTIPLE
pbnsolve,webpbn-25385,600,631.515,632.004,timeout,
naughty,webpbn-25385,600,631.899,632.057,timeout,
jsolver,webpbn-25385,600,631.874,632.003,timeout,
grid,webpbn-25385,600,631.912,632.003,timeout,
nonogrid_bt,webpbn-25385,600,599.594,600.110,timeout,
nonogrid_sat,webpbn-25385,600,253.191,253.267,solved,
nonosolve,webpbn-25820,3600,652.714,652.924,solved,UNIQUE
pbnsolve,webpbn-25820,600,631.889,632.007,timeout,
naughty,webpbn-25820,600,,,unsupported,
jsolver,webpbn-25820,600,631.840,632.003,timeout,
grid,webpbn-25820,600,631.906,632.003,timeout,
nonogrid_bt,webpbn-25820,600,599.786,600.304,timeout,
nonogrid_sat,webpbn-25820,600,631.835,632.008,timeout,
nonosolve,webpbn-27174,3600,1.526,1.528,solved,UNIQUE
pbnsolve,webpbn-27174,600,3.562,3.564,solved,
naughty,webpbn-27174,600,13.563,13.567,solved,
jsolver,webpbn-27174,600,67.452,67.473,solved,
grid,webpbn-27174,600,631.894,632.003,timeout,
nonogrid_bt,webpbn-27174,600,32.270,32.282,solved,
nonogrid_sat,webpbn-27174,600,1.361,1.362,solved,
nonosolve,webpbn-30509,3600,1.997,1.999,solved,MULTIPLE
pbnsolve,webpbn-30509,600,0.501,0.502,solved,
naughty,webpbn-30509,600,,,unsupported,
jsolver,webpbn-30509,600,31.730,31.738,solved,
grid,webpbn-30509,600,0.083,0.084,solved,
nonogrid_bt,webpbn-30509,600,22.986,22.991,solved,
nonogrid_sat,webpbn-30509,600,1.205,1.206,solved,
nonosolve,webpbn-30532,3600,0.098,0.099,solved,MULTIPLE
pbnsolve,webpbn-30532,600,5.203,5.206,solved,
naughty,webpbn-30532,600,10.215,10.218,solved,
jsolver,webpbn-30532,600,0.789,0.790,solved,
grid,webpbn-30532,600,483.705,483.794,solved,
nonogrid_bt,webpbn-30532,600,1.959,1.961,solved,
nonogrid_sat,webpbn-30532,600,9.875,9.885,solved,
nonosolve,webpbn-30654,3600,0.560,0.561,solved,MULTIPLE
pbnsolve,webpbn-30654,600,631.551,632.004,timeout,
naughty,webpbn-30654,600,32.679,32.686,solved,
jsolver,webpbn-30654,600,631.874,632.003,timeout,
grid,webpbn-30654,600,1.723,1.724,solved,
nonogrid_bt,webpbn-30654,600,2.006,2.008,solved,
nonogrid_sat,webpbn-30654,600,631.828,632.007,timeout,
nonosolve,webpbn-30681,3600,0.832,0.833,solved,MULTIPLE
pbnsolve,webpbn-30681,600,631.855,632.004,timeout,
naughty,webpbn-30681,600,74.541,74.606,solved,
jsolver,webpbn-30681,600,0.407,0.409,solved,
grid,webpbn-30681,600,631.580,632.003,timeout,
nonogrid_bt,webpbn-30681,600,63.046,63.066,solved,
nonogrid_sat,webpbn-30681,600,2.811,2.813,solved,
nonosolve,webpbn-32013,3600,0.140,0.141,solved,MULTIPLE
pbnsolve,webpbn-32013,600,0.095,0.096,solved,
naughty,webpbn-32013,600,16.612,16.616,solved,
jsolver,webpbn-32013,600,0.068,0.069,solved,
grid,webpbn-32013,600,631.871,632.003,timeout,
nonogrid_bt,webpbn-32013,600,1.388,1.390,solved,
nonogrid_sat,webpbn-32013,600,10.214,10.219,solved,
nonosolve,webpbn-32291,3600,0.186,0.187,solved,MULTIPLE
pbnsolve,webpbn-32291,600,0.029,0.030,solved,
naughty,webpbn-32291,600,4.341,4.342,solved,
jsolver,webpbn-32291,600,0.467,0.469,solved,
grid,webpbn-32291,600,23.506,23.512,solved,
nonogrid_bt,webpbn-32291,600,29.638,29.648,solved,
nonogrid_sat,webpbn-32291,600,51.896,51.912,solved,
