puzzle,seed,cpu_s,uniqueness
knotty,0,1.217,MULTIPLE
knotty,1,1.150,MULTIPLE
knotty,2,1.146,MULTIPLE
knotty,3,1.149,MULTIPLE
knotty,4,1.162,MULTIPLE
meow,0,171.603,MULTIPLE
meow,1,76.921,MULTIPLE
meow,2,37.608,MULTIPLE
meow,3,130.222,MULTIPLE
meow,4,164.534,MULTIPLE
faase,0,15.940,MULTIPLE
faase,1,37.853,MULTIPLE
faase,2,53.813,MULTIPLE
faase,3,14.389,MULTIPLE
faase,4,14.532,MULTIPLE
webpbn-25820,0,632.300,UNIQUE
webpbn-25820,1,564.275,UNIQUE
webpbn-25820,2,565.503,UNIQUE
webpbn-25820,3,533.047,UNIQUE
webpbn-25820,4,486.425,UNIQUE
